author,content,date_last_update
BBS,Content,2025-05-12 20:17:57 +0000
BBS,Content,2025-05-12 20:20:25 +0000
BBS,Content,2025-05-12 20:20:25 +0000
BBS,Content,2025-05-12 20:29:38 +0000
BBS,Content,2025-05-12 20:29:38 +0000
bbsouare,maiga porte des nunettes,2025-05-12 20:30:30 +0000
bbsouare,maiga porte des nunettes,2025-05-12 20:30:30 +0000
bbsouare,maiga porte des nunettes,2025-05-12 20:30:30 +0000
bbsouare,Fanar mange souvent tard,2025-05-12 20:40:43 +0000
Assietou,Le groupe 6 d√©chire grave ,2025-05-13 01:32:27 +0000
